{
  "name": "sts",
  "version": "1.0.0",
  "description": "STS",
  "main": "index.js",
  "scripts": {
    "test": "jest",
    "debug": "NODE_ENV=debug npm test",
    "dist": "webpack -p",
    "start:dev": "set NODE_ENV=dev && webpack-dev-server --hot --inline",
    "dev": "webpack --mode development",
    "build": "webpack --mode production",
    "release": "webpack --mode production && tar -czvf sts.tar.gz ./dist"
  },
  "author": "",
  "license": "ISC",
  "jest": {
    "setupFiles": ["jest-localstorage-mock"],
    "moduleNameMapper": {
      "!(.*)$": "<rootDir>/src/$1",
      "^LocalStorage(.*)$": "<rootDir>/src/local_storage$1",
      "^Actions(.*)$": "<rootDir>/src/actions$1"
    }
  },
  "dependencies": {
    "axios": "^0.18.0",
    "file-saver": "^1.3.8",
    "history": "^4.7.2",
    "html2canvas": "^1.0.0-alpha.12",
    "humanize": "0.0.9",
    "idb": "^2.1.3",
    "install": "^0.12.2",
    "json5": "^1.0.1",
    "jspdf": "^1.4.1",
    "leaflet": "^1.3.3",
    "less": "^3.0.2",
    "lodash": "^4.17.10",
    "lodash-webpack-plugin": "^0.11.5",
    "lodash.isequal": "^4.5.0",
    "material-ui-upload": "^1.2.1",
    "moment": "^2.22.2",
    "normalize.css": "^8.0.0",
    "prop-types": "^15.6.1",
    "react": "^16.3.2",
    "react-datepicker": "^1.5.0",
    "react-dom": "^16.3.2",
    "react-image-crop": "^6.0.4",
    "react-leaflet": "^2.0.1",
    "react-map-interaction": "^1.2.0",
    "react-markdown": "^3.6.0",
    "react-redux": "^5.0.7",
    "react-router": "^4.2.0",
    "react-router-cache-route": "^1.3.1",
    "react-router-dom": "^4.1.1",
    "react-router-navigation-prompt": "^1.6.5",
    "react-router-redux": "^4.0.8",
    "react-scroll-sync": "^0.5.0",
    "react-svg-loader": "^2.1.0",
    "react-toastify": "^4.3.0",
    "react-transition-group": "^2.3.1",
    "react-virtual-list": "^2.3.0",
    "react-virtualized": "^9.20.1",
    "react-waypoint": "^8.0.2",
    "redux": "^4.0.0",
    "redux-persist": "^5.9.1",
    "redux-saga": "^0.16.0",
    "reselect": "^3.0.1",
    "shortid": "^2.2.8",
    "socket.io-client": "^2.1.1",
    "socket.io-json-parser": "^2.1.0",
    "style-loader": "^0.21.0",
    "styled-components": "^4.0.3",
    "tracking.js": "^0.1.1",
    "video-react": "^0.13.0",
    "webpack": "^4.17.2"
  },
  "devDependencies": {
    "axios-debug-log": "^0.4.0",
    "babel": "^6.23.0",
    "babel-core": "^6.26.3",
    "babel-eslint": "^8.2.3",
    "babel-jest": "^23.0.1",
    "babel-loader": "^7.1.4",
    "babel-plugin-styled-components": "^1.6.2",
    "babel-plugin-transform-decorators-legacy": "^1.3.5",
    "babel-plugin-transform-runtime": "^6.23.0",
    "babel-preset-env": "^1.6.1",
    "babel-preset-react": "^6.24.1",
    "babel-preset-stage-0": "^6.24.1",
    "classnames": "^2.2.5",
    "css-loader": "^0.28.11",
    "eslint": "^4.19.1",
    "eslint-config-airbnb": "^16.1.0",
    "eslint-loader": "^2.0.0",
    "eslint-plugin-import": "^2.11.0",
    "eslint-plugin-jsx-a11y": "^6.0.3",
    "eslint-plugin-react": "^7.11.1",
    "faker": "^4.1.0",
    "file-loader": "^1.1.11",
    "html-loader": "^0.5.5",
    "html-webpack-plugin": "^3.2.0",
    "husky": "^1.0.0-rc.13",
    "jest": "^23.0.0",
    "jest-localstorage-mock": "^2.2.0",
    "konva": "^2.3.0",
    "less-loader": "^4.1.0",
    "prettier": "^1.12.1",
    "pretty-quick": "^1.6.0",
    "puppeteer": "^1.4.0",
    "react-hot-loader": "^4.3.6",
    "react-konva": "^1.7.4",
    "react-performance": "0.0.5",
    "react-styleguidist": "^7.3.5",
    "redux-logger": "^3.0.6",
    "regenerator-runtime": "^0.11.1",
    "stylelint": "^9.4.0",
    "stylelint-config-recommended": "^2.1.0",
    "stylelint-config-styled-components": "^0.1.1",
    "stylelint-custom-processor-loader": "^0.5.0",
    "stylelint-processor-styled-components": "^1.3.1",
    "uglifyjs-webpack-plugin": "^1.2.5",
    "url-loader": "^1.0.1",
    "webpack-bundle-analyzer": "^2.12.0",
    "webpack-cli": "^3.1.2",
    "webpack-dev-server": "^3.1.7"
  },
  "husky": {
    "hooks": {
      "pre-commit": "pretty-quick --staged"
    }
  }
}
